student1,j7wwarpp
student2,ivof5ofi
student3,mpbxra9t
student4,baveciai
student5,ryt5yv34
student6,0g7d88am
student7,s2469r0a
student8,dl75v8dd
student9,e55a5awn
student10,n6m7ls6a
student11,j2w0229y
student12,dxi730pz
student13,80g8vzhu
student14,oc4hgnr9
student15,lmgpcvm8
student16,aqfzboyd
student17,0ambb86h
student18,p0c0k1sr
student19,xna6fs3o
student20,xsgbbc9m
student21,q9ydtklo
student22,fusplvfe
student23,nvq5yftt
student24,8fca8ico
student25,i5iyndz5
student26,r68i2ls6
student27,jgea0frj
student28,izzjcizp
student29,7wqwgill
student30,8r66ok75
student31,ex21entq
student32,rcxuq1bp
student33,s9adnvgc
student34,4jew9paf
student35,lus980vb
student36,ws9ex5ci
student37,o6tjxh3r
student38,l99jz30q
student39,viklqqbp
student40,tt7ous6g
parent1,3tcepep8
parent2,lvp07gts
parent3,h29zczlm
parent4,q7ubh7zc
parent5,h9v1hr7i
parent6,3iitbyff
parent7,n1gy9xjo
parent8,r7w8p9yq
parent9,985w40nl
parent10,z1l4p6yp
parent11,4dzcgw6s
parent12,141hllq9
parent13,5ikkdypf
parent14,4azbl93c
parent15,8qkblg3c
parent16,i3v1fepn
parent17,94rrixib
parent18,1cg5fo0q
parent19,wpahsz5f
parent20,y8dpf9zf
parent21,bzph5kna
parent22,uw2ya4er
parent23,1bi79dfl
parent24,1guh97mr
parent25,htcpnlee
parent26,lk68bbuf
parent27,08y1atjr
parent28,8p7hly75
parent29,2hupkz9k
parent30,f9hahf0g
parent31,vvjzd5kj
parent32,au6sdgla
parent33,eslgphaa
parent34,jf77wfn4
parent35,oea7ahep
parent36,sugnz6vp
parent37,u5vxtpsh
parent38,qh3easr9
parent39,idjkjdtq
parent40,df8bul4g
teacher1,f46x7mbu
teacher2,sx7sknqh
teacher3,0me3kr7o
teacher4,wjvb7bxu
teacher5,7bq3yfoj
teacher6,pfw29toi
teacher7,h90nim8h
teacher8,lz1uregn
teacher9,07gx75fg
teacher10,zffj8xmw
teacher11,37mc6ljd
teacher12,aqrogdzw
teacher13,3p8ngkyq
teacher14,zv8h6hyi
teacher15,kb3tz0rc
teacher16,5f1ufurb
teacher17,wf99l8mw
teacher18,n7pn7m8n
teacher19,gxx17rl4
teacher20,8w3sesdo
